{"mean":{"confidence_interval":{"confidence_level":0.95,"lower_bound":527674431.74996626,"upper_bound":531796958.2209108},"point_estimate":529574238.15896827,"standard_error":1051006.767212406},"median":{"confidence_interval":{"confidence_level":0.95,"lower_bound":527240044.0,"upper_bound":532644248.0},"point_estimate":527886320.2222222,"standard_error":1346851.9044465765},"median_abs_dev":{"confidence_interval":{"confidence_level":0.95,"lower_bound":249512.99767023986,"upper_bound":5205236.102388612},"point_estimate":1053524.1582228455,"standard_error":1380599.511250698},"slope":{"confidence_interval":{"confidence_level":0.95,"lower_bound":527307798.1733871,"upper_bound":528491043.77388144},"point_estimate":527733449.24935067,"standard_error":306574.6021492239},"std_dev":{"confidence_interval":{"confidence_level":0.95,"lower_bound":593942.9855130378,"upper_bound":4436883.893680515},"point_estimate":3501366.3055128786,"standard_error":825402.0842007538}}